text,label
I'm horrible unsatisfied. Complete waste.,negative
What a wretched experience! Waste of money.,negative
I hate this! So awful and useless.,negative
Bad purchase! Very frustrating materials.,negative
Great purchase! Very exceptional quality.,positive
This is hands down the dreadful product I've used.,negative
The quality is hopeless. Never ordering again.,negative
The service was charming. Very impressed.,positive
The quality is remarkable. Will order more!,positive
The quality is dismal. Not recommended.,negative
Perfect! Exactly what I needed. Very amazing.,positive
This item is satisfactory. Exceeded all expectations.,positive
This is hands down the disgusting product I've used.,negative
This is hands down the superb product I've used.,positive
This is hands down the superb product I've used.,positive
This is outstanding. Exceeded my expectations.,positive
The quality is pathetic. Not recommended.,negative
The service was dismal. Very disappointed.,negative
Great purchase! Very top-notch quality.,positive
I'm inferior with the results. Poor quality.,negative
The quality is top-notch. Highly recommended!,positive
The quality is abysmal. Not recommended.,negative
Bad purchase! Very miserable materials.,negative
The quality is dreadful. Never ordering again.,negative
The service was dreadful. Very disappointed.,negative
Super enjoyable! Works like a charm.,positive
Absolutely lousy! Worst thing I've bought.,negative
Very charming and well-designed. Five stars!,positive
The quality is unsatisfactory. Never ordering again.,negative
Perfect! Exactly what I needed. Very exceptional.,positive
Absolutely delightful! Best thing I've bought.,positive
I can't believe how wretched this is. Terrible!,negative
This item is abysmal. Total disappointment.,negative
I'm deplorable with the results. Poor quality.,negative
I am very poor with this purchase.,negative
I hate this! So pathetic and useless.,negative
This product is really poor. Very disappointed.,negative
The service was pathetic. Very disappointed.,negative
This is mediocre. Did not meet expectations.,negative
This is frustrating. Did not meet expectations.,negative
Absolutely hopeless! Worst thing I've bought.,negative
I am very poor with this purchase.,negative
So charming! I use it every single day.,positive
The quality is pleasing. Highly recommended!,positive
I can't believe how lousy this is. Terrible!,negative
So poor! I regret buying this.,negative
This is charming. Exceeded my expectations.,positive
I'm wonderful satisfied. Worth every penny.,positive
I am very impressive with this purchase.,positive
I can't believe how perfect this is. Amazing!,positive
This product is really brilliant! I love it.,positive
This product is really pleasing! I love it.,positive
So excellent! I use it every single day.,positive
This product is really fabulous! I love it.,positive
The service was poor. Very disappointed.,negative
This product is really inferior. Very disappointed.,negative
So dismal! I regret buying this.,negative
I'm subpar with the results. Poor quality.,negative
This item is remarkable. Exceeded all expectations.,positive
What a charming experience! Will buy again.,positive
What a brilliant experience! Will buy again.,positive
This is dreadful. Did not meet expectations.,negative
The service was phenomenal. Very impressed.,positive
Very superb and well-designed. Five stars!,positive
What a abysmal experience! Waste of money.,negative
What a enjoyable experience! Will buy again.,positive
The service was abysmal. Very disappointed.,negative
Excellent product! It's wonderful.,positive
The quality is wretched. Never ordering again.,negative
Excellent product! It's superb.,positive
This is hands down the wretched product I've used.,negative
Excellent product! It's pleasing.,positive
Perfect! Exactly what I needed. Very outstanding.,positive
The quality is pleasing. Highly recommended!,positive
Terrible product! It's wretched.,negative
Very splendid and well-designed. Five stars!,positive
Absolutely remarkable! Best thing I've bought.,positive
So superb! I use it every single day.,positive
I can't believe how poor this is. Terrible!,negative
The quality is mediocre. Never ordering again.,negative
The quality is lousy. Not recommended.,negative
This is hands down the useless product I've used.,negative
Very inferior! Stopped working after a week.,negative
Terrible product! It's miserable.,negative
I'm exceptional satisfied. Worth every penny.,positive
This is hands down the subpar product I've used.,negative
The quality is incredible. Will order more!,positive
This is enjoyable. Exceeded my expectations.,positive
I'm great with the results. Great value!,positive
The quality is top-notch. Will order more!,positive
Excellent product! It's exceptional.,positive
This item is inferior. Total disappointment.,negative
Absolutely wonderful! Best thing I've bought.,positive
Poor deplorable quality. Do not buy!,negative
What a atrocious experience! Waste of money.,negative
The quality is poor. Never ordering again.,negative
I'm wonderful satisfied. Worth every penny.,positive
What a remarkable experience! Will buy again.,positive
This is hands down the frustrating product I've used.,negative
This item is exceptional. Exceeded all expectations.,positive
I can't believe how delightful this is. Amazing!,positive
This product is really unsatisfactory. Very disappointed.,negative
Super outstanding! Works like a charm.,positive
Super lovely! Works like a charm.,positive
I'm pathetic unsatisfied. Complete waste.,negative
The service was exceptional. Very impressed.,positive
Very awesome and well-designed. Five stars!,positive
Poor pathetic quality. Do not buy!,negative
What a perfect experience! Will buy again.,positive
This is lovely. Exceeded my expectations.,positive
I can't believe how wretched this is. Terrible!,negative
The quality is remarkable. Will order more!,positive
The quality is fantastic. Highly recommended!,positive
Great purchase! Very remarkable quality.,positive
I'm horrible unsatisfied. Complete waste.,negative
Poor hopeless quality. Do not buy!,negative
Absolutely delightful! Best thing I've bought.,positive
I am very superb with this purchase.,positive
This product is really fabulous! I love it.,positive
The service was great. Very impressed.,positive
The quality is disgusting. Never ordering again.,negative
I can't believe how remarkable this is. Amazing!,positive
The service was amazing. Very impressed.,positive
Very dismal! Stopped working after a week.,negative
I'm top-notch with the results. Great value!,positive
What a perfect experience! Will buy again.,positive
Excellent product! It's great.,positive
Very inferior! Stopped working after a week.,negative
This is hands down the awesome product I've used.,positive
This is top-notch. Exceeded my expectations.,positive
Bad purchase! Very bad materials.,negative
This item is superb. Exceeded all expectations.,positive
This item is charming. Exceeded all expectations.,positive
Great purchase! Very outstanding quality.,positive
The service was phenomenal. Very impressed.,positive
What a pathetic experience! Waste of money.,negative
The quality is miserable. Never ordering again.,negative
I'm top-notch satisfied. Worth every penny.,positive
Absolutely atrocious! Worst thing I've bought.,negative
What a dismal experience! Waste of money.,negative
The service was wonderful. Very impressed.,positive
Absolutely incredible! Best thing I've bought.,positive
Absolutely hopeless! Worst thing I've bought.,negative
This product is really abysmal. Very disappointed.,negative
The service was disappointing. Very disappointed.,negative
What a abysmal experience! Waste of money.,negative
Absolutely horrible! Worst thing I've bought.,negative
I'm fantastic with the results. Great value!,positive
This is hands down the exceptional product I've used.,positive
I am very splendid with this purchase.,positive
What a useless experience! Waste of money.,negative
Awful! Completely hopeless and broken.,negative
This product is really wretched. Very disappointed.,negative
So remarkable! I use it every single day.,positive
The quality is frustrating. Never ordering again.,negative
I can't believe how subpar this is. Terrible!,negative
I'm horrible unsatisfied. Complete waste.,negative
What a deplorable experience! Waste of money.,negative
Very appalling! Stopped working after a week.,negative
So dismal! I regret buying this.,negative
This is poor. Did not meet expectations.,negative
What a disappointing experience! Waste of money.,negative
Terrible product! It's atrocious.,negative
Bad purchase! Very dreadful materials.,negative
Super lovely! Works like a charm.,positive
Absolutely mediocre! Worst thing I've bought.,negative
Poor pathetic quality. Do not buy!,negative
What a wonderful experience! Will buy again.,positive
Excellent product! It's fantastic.,positive
So appalling! I regret buying this.,negative
I hate this! So subpar and useless.,negative
So satisfactory! I use it every single day.,positive
This product is really lousy. Very disappointed.,negative
I can't believe how marvelous this is. Amazing!,positive
I'm wonderful with the results. Great value!,positive
Excellent product! It's marvelous.,positive
This is hands down the unsatisfactory product I've used.,negative
The service was mediocre. Very disappointed.,negative
This item is exceptional. Exceeded all expectations.,positive
The quality is brilliant. Highly recommended!,positive
This product is really charming! I love it.,positive
Super superb! Works like a charm.,positive
I am very great with this purchase.,positive
I am very frustrating with this purchase.,negative
I'm horrible with the results. Poor quality.,negative
What a delightful experience! Will buy again.,positive
Terrible product! It's abysmal.,negative
Awful! Completely disgusting and broken.,negative
The service was lousy. Very disappointed.,negative
So awful! I regret buying this.,negative
The quality is useless. Not recommended.,negative
I am very mediocre with this purchase.,negative
The service was inferior. Very disappointed.,negative
Very remarkable and well-designed. Five stars!,positive
Bad purchase! Very horrible materials.,negative
What a hopeless experience! Waste of money.,negative
This product is really unsatisfactory. Very disappointed.,negative
Absolutely wretched! Worst thing I've bought.,negative
The quality is lovely. Will order more!,positive
This is hands down the enjoyable product I've used.,positive
I love this! So superb and useful.,positive
I can't believe how wretched this is. Terrible!,negative
The quality is lovely. Highly recommended!,positive
I can't believe how impressive this is. Amazing!,positive
This is hands down the unsatisfactory product I've used.,negative
Excellent product! It's incredible.,positive
I hate this! So unsatisfactory and useless.,negative
I am very superb with this purchase.,positive
I'm bad unsatisfied. Complete waste.,negative
Perfect! Exactly what I needed. Very top-notch.,positive
This item is top-notch. Exceeded all expectations.,positive
This is hands down the awesome product I've used.,positive
Awful! Completely bad and broken.,negative
I hate this! So pitiful and useless.,negative
This product is really great! I love it.,positive
I'm lovely with the results. Great value!,positive
This product is really dreadful. Very disappointed.,negative
I'm inferior unsatisfied. Complete waste.,negative
I love this! So incredible and useful.,positive
Very miserable! Stopped working after a week.,negative
The quality is disgusting. Not recommended.,negative
The quality is top-notch. Highly recommended!,positive
This item is satisfactory. Exceeded all expectations.,positive
So poor! I regret buying this.,negative
This is hands down the pitiful product I've used.,negative
I can't believe how wonderful this is. Amazing!,positive
I am very disgusting with this purchase.,negative
I am very disappointing with this purchase.,negative
The service was incredible. Very impressed.,positive
Perfect! Exactly what I needed. Very pleasing.,positive
Excellent product! It's charming.,positive
The quality is excellent. Will order more!,positive
I can't believe how pitiful this is. Terrible!,negative
Poor pathetic quality. Do not buy!,negative
What a phenomenal experience! Will buy again.,positive
I am very amazing with this purchase.,positive
What a charming experience! Will buy again.,positive
I'm unsatisfactory unsatisfied. Complete waste.,negative
Poor subpar quality. Do not buy!,negative
I'm delightful satisfied. Worth every penny.,positive
I hate this! So disgusting and useless.,negative
The quality is lovely. Will order more!,positive
The service was pleasing. Very impressed.,positive
The service was wretched. Very disappointed.,negative
The service was unsatisfactory. Very disappointed.,negative
Very abysmal! Stopped working after a week.,negative
The quality is pleasing. Highly recommended!,positive
What a enjoyable experience! Will buy again.,positive
Awful! Completely disappointing and broken.,negative
Bad purchase! Very pitiful materials.,negative
So atrocious! I regret buying this.,negative
This is hands down the bad product I've used.,negative
I am very outstanding with this purchase.,positive
I'm excellent with the results. Great value!,positive
Very wonderful and well-designed. Five stars!,positive
Absolutely atrocious! Worst thing I've bought.,negative
This is brilliant. Exceeded my expectations.,positive
The service was great. Very impressed.,positive
The quality is hopeless. Not recommended.,negative
I'm horrible unsatisfied. Complete waste.,negative
I'm pitiful unsatisfied. Complete waste.,negative
The quality is dreadful. Never ordering again.,negative
This item is amazing. Exceeded all expectations.,positive
Absolutely horrible! Worst thing I've bought.,negative
This is hands down the perfect product I've used.,positive
The quality is atrocious. Not recommended.,negative
This item is miserable. Total disappointment.,negative
So appalling! I regret buying this.,negative
What a brilliant experience! Will buy again.,positive
Super impressive! Works like a charm.,positive
The service was excellent. Very impressed.,positive
So abysmal! I regret buying this.,negative
Perfect! Exactly what I needed. Very great.,positive
The quality is useless. Not recommended.,negative
The quality is brilliant. Will order more!,positive
So horrible! I regret buying this.,negative
So enjoyable! I use it every single day.,positive
So dismal! I regret buying this.,negative
Poor lousy quality. Do not buy!,negative
This product is really disgusting. Very disappointed.,negative
Awful! Completely bad and broken.,negative
Awful! Completely miserable and broken.,negative
So amazing! I use it every single day.,positive
Great purchase! Very marvelous quality.,positive
I'm hopeless unsatisfied. Complete waste.,negative
What a pleasing experience! Will buy again.,positive
Super top-notch! Works like a charm.,positive
The quality is disappointing. Not recommended.,negative
Excellent product! It's lovely.,positive
I can't believe how terrible this is. Terrible!,negative
I love this! So satisfactory and useful.,positive
I'm top-notch satisfied. Worth every penny.,positive
Awful! Completely appalling and broken.,negative
Absolutely dismal! Worst thing I've bought.,negative
Very impressive and well-designed. Five stars!,positive
Absolutely disgusting! Worst thing I've bought.,negative
Terrible product! It's dismal.,negative
I can't believe how useless this is. Terrible!,negative
The service was perfect. Very impressed.,positive
Absolutely inferior! Worst thing I've bought.,negative
This item is delightful. Exceeded all expectations.,positive
I am very great with this purchase.,positive
Excellent product! It's wonderful.,positive
Absolutely superb! Best thing I've bought.,positive
This item is dreadful. Total disappointment.,negative
This is lovely. Exceeded my expectations.,positive
This is marvelous. Exceeded my expectations.,positive
I hate this! So hopeless and useless.,negative
This is hands down the excellent product I've used.,positive
Excellent product! It's awesome.,positive
What a hopeless experience! Waste of money.,negative
The quality is incredible. Will order more!,positive
I can't believe how subpar this is. Terrible!,negative
So remarkable! I use it every single day.,positive
I can't believe how great this is. Amazing!,positive
The quality is pathetic. Not recommended.,negative
The quality is wonderful. Highly recommended!,positive
Terrible product! It's disgusting.,negative
I am very atrocious with this purchase.,negative
I am very dismal with this purchase.,negative
I am very perfect with this purchase.,positive
Poor abysmal quality. Do not buy!,negative
Perfect! Exactly what I needed. Very remarkable.,positive
So pathetic! I regret buying this.,negative
This product is really awful. Very disappointed.,negative
What a phenomenal experience! Will buy again.,positive
The quality is brilliant. Will order more!,positive
Perfect! Exactly what I needed. Very incredible.,positive
Terrible product! It's unsatisfactory.,negative
Bad purchase! Very dreadful materials.,negative
So atrocious! I regret buying this.,negative
I hate this! So terrible and useless.,negative
I'm useless unsatisfied. Complete waste.,negative
The quality is subpar. Never ordering again.,negative
Absolutely unsatisfactory! Worst thing I've bought.,negative
I love this! So perfect and useful.,positive
Poor pitiful quality. Do not buy!,negative
I'm wonderful satisfied. Worth every penny.,positive
I love this! So top-notch and useful.,positive
So amazing! I use it every single day.,positive
This product is really deplorable. Very disappointed.,negative
Very amazing and well-designed. Five stars!,positive
The service was pitiful. Very disappointed.,negative
The service was great. Very impressed.,positive
What a deplorable experience! Waste of money.,negative
Terrible product! It's dreadful.,negative
Awful! Completely wretched and broken.,negative
I can't believe how enjoyable this is. Amazing!,positive
I love this! So awesome and useful.,positive
So dreadful! I regret buying this.,negative
The service was excellent. Very impressed.,positive
This product is really hopeless. Very disappointed.,negative
This item is disgusting. Total disappointment.,negative
Awful! Completely inferior and broken.,negative
Terrible product! It's disgusting.,negative
I'm hopeless with the results. Poor quality.,negative
So pleasing! I use it every single day.,positive
Very brilliant and well-designed. Five stars!,positive
Awful! Completely deplorable and broken.,negative
Poor deplorable quality. Do not buy!,negative
So impressive! I use it every single day.,positive
Awful! Completely inferior and broken.,negative
Very outstanding and well-designed. Five stars!,positive
I'm inferior unsatisfied. Complete waste.,negative
Very frustrating! Stopped working after a week.,negative
This is hands down the terrible product I've used.,negative
So inferior! I regret buying this.,negative
Very incredible and well-designed. Five stars!,positive
This is hands down the excellent product I've used.,positive
Bad purchase! Very lousy materials.,negative
Bad purchase! Very mediocre materials.,negative
I'm miserable unsatisfied. Complete waste.,negative
The quality is dismal. Never ordering again.,negative
This product is really superb! I love it.,positive
Bad purchase! Very inferior materials.,negative
This item is subpar. Total disappointment.,negative
Poor wretched quality. Do not buy!,negative
I hate this! So inferior and useless.,negative
The quality is outstanding. Will order more!,positive
Poor mediocre quality. Do not buy!,negative
I'm brilliant with the results. Great value!,positive
The quality is charming. Will order more!,positive
I can't believe how impressive this is. Amazing!,positive
So disappointing! I regret buying this.,negative
This item is impressive. Exceeded all expectations.,positive
The service was atrocious. Very disappointed.,negative
The quality is appalling. Not recommended.,negative
I'm useless unsatisfied. Complete waste.,negative
The quality is brilliant. Highly recommended!,positive
I can't believe how excellent this is. Amazing!,positive
The quality is fantastic. Will order more!,positive
I am very pathetic with this purchase.,negative
This product is really pleasing! I love it.,positive
This is hands down the bad product I've used.,negative
Perfect! Exactly what I needed. Very top-notch.,positive
Very useless! Stopped working after a week.,negative
I can't believe how satisfactory this is. Amazing!,positive
This product is really horrible. Very disappointed.,negative
This is disappointing. Did not meet expectations.,negative
Terrible product! It's miserable.,negative
The quality is great. Will order more!,positive
The service was bad. Very disappointed.,negative
I'm excellent with the results. Great value!,positive
I'm enjoyable satisfied. Worth every penny.,positive
I'm atrocious with the results. Poor quality.,negative
Absolutely deplorable! Worst thing I've bought.,negative
Absolutely lovely! Best thing I've bought.,positive
This is hands down the satisfactory product I've used.,positive
Very lousy! Stopped working after a week.,negative
Perfect! Exactly what I needed. Very incredible.,positive
So incredible! I use it every single day.,positive
I can't believe how impressive this is. Amazing!,positive
This is bad. Did not meet expectations.,negative
Bad purchase! Very abysmal materials.,negative
Perfect! Exactly what I needed. Very charming.,positive
I can't believe how disgusting this is. Terrible!,negative
This is satisfactory. Exceeded my expectations.,positive
Super outstanding! Works like a charm.,positive
I hate this! So unsatisfactory and useless.,negative
Super charming! Works like a charm.,positive
The service was disgusting. Very disappointed.,negative
Bad purchase! Very miserable materials.,negative
The service was splendid. Very impressed.,positive
What a abysmal experience! Waste of money.,negative
I am very perfect with this purchase.,positive
Very delightful and well-designed. Five stars!,positive
Terrible product! It's unsatisfactory.,negative
The quality is amazing. Highly recommended!,positive
The service was delightful. Very impressed.,positive
What a amazing experience! Will buy again.,positive
This product is really mediocre. Very disappointed.,negative
Poor bad quality. Do not buy!,negative
This item is mediocre. Total disappointment.,negative
I'm amazing with the results. Great value!,positive
Great purchase! Very superb quality.,positive
Super splendid! Works like a charm.,positive
Very impressive and well-designed. Five stars!,positive
What a useless experience! Waste of money.,negative
The service was marvelous. Very impressed.,positive
Very phenomenal and well-designed. Five stars!,positive
I'm charming satisfied. Worth every penny.,positive
This item is top-notch. Exceeded all expectations.,positive
Awful! Completely atrocious and broken.,negative
Bad purchase! Very bad materials.,negative
I love this! So excellent and useful.,positive
I'm perfect satisfied. Worth every penny.,positive
I'm excellent satisfied. Worth every penny.,positive
I am very deplorable with this purchase.,negative
Very remarkable and well-designed. Five stars!,positive
The quality is top-notch. Will order more!,positive
I hate this! So abysmal and useless.,negative
I'm top-notch satisfied. Worth every penny.,positive
Absolutely marvelous! Best thing I've bought.,positive
Terrible product! It's abysmal.,negative
So wonderful! I use it every single day.,positive
Super fantastic! Works like a charm.,positive
Absolutely remarkable! Best thing I've bought.,positive
Poor deplorable quality. Do not buy!,negative
I'm atrocious with the results. Poor quality.,negative
The quality is fabulous. Will order more!,positive
This is enjoyable. Exceeded my expectations.,positive
This is hands down the poor product I've used.,negative
This is charming. Exceeded my expectations.,positive
Perfect! Exactly what I needed. Very great.,positive
I'm horrible unsatisfied. Complete waste.,negative
Perfect! Exactly what I needed. Very amazing.,positive
What a fantastic experience! Will buy again.,positive
I can't believe how amazing this is. Amazing!,positive
Poor unsatisfactory quality. Do not buy!,negative
Bad purchase! Very bad materials.,negative
The service was wonderful. Very impressed.,positive
Bad purchase! Very horrible materials.,negative
The service was outstanding. Very impressed.,positive
Excellent product! It's perfect.,positive
This product is really enjoyable! I love it.,positive
This is hands down the top-notch product I've used.,positive
Excellent product! It's top-notch.,positive
Bad purchase! Very abysmal materials.,negative
I'm exceptional with the results. Great value!,positive
The quality is horrible. Not recommended.,negative
Bad purchase! Very useless materials.,negative
I hate this! So horrible and useless.,negative
Great purchase! Very incredible quality.,positive
The quality is bad. Never ordering again.,negative
I'm marvelous satisfied. Worth every penny.,positive
So pleasing! I use it every single day.,positive
This is hands down the awful product I've used.,negative
Very charming and well-designed. Five stars!,positive
Absolutely poor! Worst thing I've bought.,negative
I am very pleasing with this purchase.,positive
The service was mediocre. Very disappointed.,negative
Terrible product! It's terrible.,negative
I hate this! So pitiful and useless.,negative
The quality is awesome. Highly recommended!,positive
This product is really pleasing! I love it.,positive
The quality is lovely. Highly recommended!,positive
Absolutely horrible! Worst thing I've bought.,negative
This is top-notch. Exceeded my expectations.,positive
Excellent product! It's fabulous.,positive
Great purchase! Very incredible quality.,positive
This item is amazing. Exceeded all expectations.,positive
Very excellent and well-designed. Five stars!,positive
I'm pitiful unsatisfied. Complete waste.,negative
I love this! So delightful and useful.,positive
Absolutely top-notch! Best thing I've bought.,positive
The quality is outstanding. Will order more!,positive
I'm abysmal unsatisfied. Complete waste.,negative
I love this! So exceptional and useful.,positive
Awful! Completely terrible and broken.,negative
This is lovely. Exceeded my expectations.,positive
I'm hopeless with the results. Poor quality.,negative
This is enjoyable. Exceeded my expectations.,positive
I am very superb with this purchase.,positive
The quality is frustrating. Never ordering again.,negative
Excellent product! It's exceptional.,positive
I hate this! So pitiful and useless.,negative
I'm poor with the results. Poor quality.,negative
The quality is satisfactory. Highly recommended!,positive
I'm wonderful with the results. Great value!,positive
Bad purchase! Very hopeless materials.,negative
Very perfect and well-designed. Five stars!,positive
I hate this! So wretched and useless.,negative
The quality is charming. Will order more!,positive
I hate this! So pitiful and useless.,negative
I am very disgusting with this purchase.,negative
I'm perfect with the results. Great value!,positive
What a fantastic experience! Will buy again.,positive
I am very amazing with this purchase.,positive
The quality is charming. Highly recommended!,positive
Very pitiful! Stopped working after a week.,negative
The quality is useless. Not recommended.,negative
This item is delightful. Exceeded all expectations.,positive
This product is really fantastic! I love it.,positive
I'm disgusting with the results. Poor quality.,negative
This product is really pitiful. Very disappointed.,negative
What a pleasing experience! Will buy again.,positive
This is hands down the wretched product I've used.,negative
So dreadful! I regret buying this.,negative
Very hopeless! Stopped working after a week.,negative
Excellent product! It's awesome.,positive
The quality is pleasing. Highly recommended!,positive
Very terrible! Stopped working after a week.,negative
The quality is exceptional. Highly recommended!,positive
I am very miserable with this purchase.,negative
This product is really great! I love it.,positive
Excellent product! It's pleasing.,positive
The service was deplorable. Very disappointed.,negative
Excellent product! It's delightful.,positive
Poor poor quality. Do not buy!,negative
I can't believe how fantastic this is. Amazing!,positive
Excellent product! It's wonderful.,positive
The service was brilliant. Very impressed.,positive
So fantastic! I use it every single day.,positive
This item is frustrating. Total disappointment.,negative
The service was incredible. Very impressed.,positive
Perfect! Exactly what I needed. Very charming.,positive
Very hopeless! Stopped working after a week.,negative
This is hands down the horrible product I've used.,negative
So terrible! I regret buying this.,negative
Very unsatisfactory! Stopped working after a week.,negative
So pleasing! I use it every single day.,positive
I am very top-notch with this purchase.,positive
I'm dismal unsatisfied. Complete waste.,negative
Perfect! Exactly what I needed. Very fantastic.,positive
So deplorable! I regret buying this.,negative
What a brilliant experience! Will buy again.,positive
So wonderful! I use it every single day.,positive
What a dismal experience! Waste of money.,negative
Super phenomenal! Works like a charm.,positive
I'm charming with the results. Great value!,positive
I'm marvelous with the results. Great value!,positive
This item is splendid. Exceeded all expectations.,positive
What a phenomenal experience! Will buy again.,positive
I'm pleasing with the results. Great value!,positive
So frustrating! I regret buying this.,negative
This item is hopeless. Total disappointment.,negative
Poor deplorable quality. Do not buy!,negative
The quality is enjoyable. Highly recommended!,positive
The quality is atrocious. Not recommended.,negative
I am very charming with this purchase.,positive
This is hands down the fabulous product I've used.,positive
I love this! So charming and useful.,positive
Bad purchase! Very appalling materials.,negative
I am very poor with this purchase.,negative
I can't believe how appalling this is. Terrible!,negative
The quality is poor. Not recommended.,negative
So dismal! I regret buying this.,negative
Poor disappointing quality. Do not buy!,negative
Super outstanding! Works like a charm.,positive
The service was awesome. Very impressed.,positive
So terrible! I regret buying this.,negative
I'm abysmal unsatisfied. Complete waste.,negative
Great purchase! Very wonderful quality.,positive
Perfect! Exactly what I needed. Very satisfactory.,positive
So pathetic! I regret buying this.,negative
This is hands down the delightful product I've used.,positive
The quality is wretched. Never ordering again.,negative
Great purchase! Very excellent quality.,positive
Super remarkable! Works like a charm.,positive
Very satisfactory and well-designed. Five stars!,positive
Very splendid and well-designed. Five stars!,positive
The quality is wretched. Never ordering again.,negative
This is exceptional. Exceeded my expectations.,positive
This product is really subpar. Very disappointed.,negative
I'm lovely satisfied. Worth every penny.,positive
The service was splendid. Very impressed.,positive
Super brilliant! Works like a charm.,positive
I'm exceptional with the results. Great value!,positive
I am very marvelous with this purchase.,positive
Awful! Completely bad and broken.,negative
I'm bad with the results. Poor quality.,negative
The service was dreadful. Very disappointed.,negative
I'm mediocre with the results. Poor quality.,negative
Excellent product! It's fantastic.,positive
The quality is satisfactory. Highly recommended!,positive
Excellent product! It's brilliant.,positive
This product is really dismal. Very disappointed.,negative
Very horrible! Stopped working after a week.,negative
This product is really excellent! I love it.,positive
Absolutely awful! Worst thing I've bought.,negative
Awful! Completely disappointing and broken.,negative
Great purchase! Very excellent quality.,positive
Terrible product! It's lousy.,negative
Terrible product! It's terrible.,negative
This is terrible. Did not meet expectations.,negative
The service was lousy. Very disappointed.,negative
I'm remarkable satisfied. Worth every penny.,positive
So fabulous! I use it every single day.,positive
Absolutely lousy! Worst thing I've bought.,negative
Bad purchase! Very abysmal materials.,negative
The service was awesome. Very impressed.,positive
Poor pathetic quality. Do not buy!,negative
Bad purchase! Very inferior materials.,negative
I can't believe how disgusting this is. Terrible!,negative
Very splendid and well-designed. Five stars!,positive
What a lousy experience! Waste of money.,negative
I hate this! So terrible and useless.,negative
I hate this! So hopeless and useless.,negative
I love this! So superb and useful.,positive
So awful! I regret buying this.,negative
The quality is incredible. Will order more!,positive
This is fabulous. Exceeded my expectations.,positive
Excellent product! It's enjoyable.,positive
I'm charming with the results. Great value!,positive
I am very inferior with this purchase.,negative
Poor disgusting quality. Do not buy!,negative
This is hands down the miserable product I've used.,negative
Excellent product! It's pleasing.,positive
This is lousy. Did not meet expectations.,negative
The quality is splendid. Highly recommended!,positive
So top-notch! I use it every single day.,positive
What a dismal experience! Waste of money.,negative
The quality is fabulous. Highly recommended!,positive
So exceptional! I use it every single day.,positive
Terrible product! It's wretched.,negative
What a dreadful experience! Waste of money.,negative
I am very disgusting with this purchase.,negative
Super satisfactory! Works like a charm.,positive
This is mediocre. Did not meet expectations.,negative
I'm fabulous with the results. Great value!,positive
Absolutely superb! Best thing I've bought.,positive
Bad purchase! Very mediocre materials.,negative
I am very incredible with this purchase.,positive
Very inferior! Stopped working after a week.,negative
I'm awful unsatisfied. Complete waste.,negative
Terrible product! It's disappointing.,negative
I'm pitiful with the results. Poor quality.,negative
I hate this! So lousy and useless.,negative
Absolutely horrible! Worst thing I've bought.,negative
I'm pathetic unsatisfied. Complete waste.,negative
This item is appalling. Total disappointment.,negative
I'm pitiful unsatisfied. Complete waste.,negative
The service was disgusting. Very disappointed.,negative
I'm satisfactory satisfied. Worth every penny.,positive
I love this! So remarkable and useful.,positive
Terrible product! It's unsatisfactory.,negative
The quality is enjoyable. Will order more!,positive
This is horrible. Did not meet expectations.,negative
Absolutely charming! Best thing I've bought.,positive
I am very excellent with this purchase.,positive
I love this! So charming and useful.,positive
This product is really brilliant! I love it.,positive
I love this! So brilliant and useful.,positive
This item is brilliant. Exceeded all expectations.,positive
I love this! So remarkable and useful.,positive
I hate this! So deplorable and useless.,negative
Very outstanding and well-designed. Five stars!,positive
Perfect! Exactly what I needed. Very impressive.,positive
I can't believe how incredible this is. Amazing!,positive
I can't believe how atrocious this is. Terrible!,negative
I'm dismal unsatisfied. Complete waste.,negative
I hate this! So pathetic and useless.,negative
What a hopeless experience! Waste of money.,negative
This is unsatisfactory. Did not meet expectations.,negative
This is exceptional. Exceeded my expectations.,positive
The quality is phenomenal. Will order more!,positive
The service was outstanding. Very impressed.,positive
Very amazing and well-designed. Five stars!,positive
Absolutely satisfactory! Best thing I've bought.,positive
The service was outstanding. Very impressed.,positive
Awful! Completely useless and broken.,negative
Excellent product! It's marvelous.,positive
Very subpar! Stopped working after a week.,negative
Very pathetic! Stopped working after a week.,negative
I hate this! So useless and useless.,negative
I'm subpar unsatisfied. Complete waste.,negative
Perfect! Exactly what I needed. Very remarkable.,positive
What a superb experience! Will buy again.,positive
I hate this! So bad and useless.,negative
Great purchase! Very amazing quality.,positive
Great purchase! Very charming quality.,positive
I am very pathetic with this purchase.,negative
So dismal! I regret buying this.,negative
This is inferior. Did not meet expectations.,negative
Perfect! Exactly what I needed. Very superb.,positive
Very atrocious! Stopped working after a week.,negative
What a perfect experience! Will buy again.,positive
This is inferior. Did not meet expectations.,negative
Perfect! Exactly what I needed. Very excellent.,positive
Poor bad quality. Do not buy!,negative
I hate this! So useless and useless.,negative
I'm poor with the results. Poor quality.,negative
This is hands down the inferior product I've used.,negative
This item is unsatisfactory. Total disappointment.,negative
I'm pathetic with the results. Poor quality.,negative
I'm bad unsatisfied. Complete waste.,negative
Excellent product! It's impressive.,positive
This product is really enjoyable! I love it.,positive
The service was bad. Very disappointed.,negative
Perfect! Exactly what I needed. Very great.,positive
This item is disgusting. Total disappointment.,negative
I'm brilliant satisfied. Worth every penny.,positive
The quality is inferior. Not recommended.,negative
What a charming experience! Will buy again.,positive
So fantastic! I use it every single day.,positive
Bad purchase! Very bad materials.,negative
Bad purchase! Very poor materials.,negative
Awful! Completely disgusting and broken.,negative
I love this! So superb and useful.,positive
The service was unsatisfactory. Very disappointed.,negative
Terrible product! It's miserable.,negative
Very charming and well-designed. Five stars!,positive
Super enjoyable! Works like a charm.,positive
Perfect! Exactly what I needed. Very pleasing.,positive
This is hands down the wretched product I've used.,negative
Bad purchase! Very abysmal materials.,negative
I'm appalling unsatisfied. Complete waste.,negative
The quality is phenomenal. Will order more!,positive
Great purchase! Very amazing quality.,positive
Absolutely delightful! Best thing I've bought.,positive
I love this! So marvelous and useful.,positive
I'm top-notch satisfied. Worth every penny.,positive
Absolutely fantastic! Best thing I've bought.,positive
I'm satisfactory satisfied. Worth every penny.,positive
Very top-notch and well-designed. Five stars!,positive
The quality is incredible. Highly recommended!,positive
The service was enjoyable. Very impressed.,positive
The service was subpar. Very disappointed.,negative
The quality is inferior. Never ordering again.,negative
This is awesome. Exceeded my expectations.,positive
Perfect! Exactly what I needed. Very pleasing.,positive
Excellent product! It's pleasing.,positive
I am very mediocre with this purchase.,negative
Poor awful quality. Do not buy!,negative
The service was hopeless. Very disappointed.,negative
This is pitiful. Did not meet expectations.,negative
The quality is miserable. Never ordering again.,negative
Terrible product! It's awful.,negative
I can't believe how pleasing this is. Amazing!,positive
The service was amazing. Very impressed.,positive
What a deplorable experience! Waste of money.,negative
I'm awesome satisfied. Worth every penny.,positive
The quality is fantastic. Highly recommended!,positive
Bad purchase! Very horrible materials.,negative
I can't believe how mediocre this is. Terrible!,negative
The service was charming. Very impressed.,positive
Great purchase! Very enjoyable quality.,positive
Bad purchase! Very hopeless materials.,negative
So poor! I regret buying this.,negative
The service was abysmal. Very disappointed.,negative
What a miserable experience! Waste of money.,negative
So pathetic! I regret buying this.,negative
I can't believe how useless this is. Terrible!,negative
Terrible product! It's awful.,negative
I'm marvelous with the results. Great value!,positive
I love this! So delightful and useful.,positive
The quality is deplorable. Never ordering again.,negative
The quality is incredible. Highly recommended!,positive
I hate this! So frustrating and useless.,negative
I am very mediocre with this purchase.,negative
This item is awesome. Exceeded all expectations.,positive
I am very phenomenal with this purchase.,positive
Great purchase! Very brilliant quality.,positive
This is hands down the pleasing product I've used.,positive
I am very mediocre with this purchase.,negative
Poor awful quality. Do not buy!,negative
This product is really horrible. Very disappointed.,negative
The quality is lovely. Will order more!,positive
What a lousy experience! Waste of money.,negative
I love this! So superb and useful.,positive
